Entities,FPS,Frame Time (s),Physics Time (s),Cache References,Cache Misses,Cache miss rate (%)
3.0,301.6,0.0019263333333333333,1.77e-05,451697.6666666667,28738.466666666667,0.0636848
5.0,301.56666666666666,0.003332033333333333,1.9833333333333335e-05,562721.8666666667,31238.233333333334,0.05567763333333333
6.966666666666667,301.6666666666667,0.003321633333333333,2.2033333333333335e-05,566269.3,31227.366666666665,0.05515836666666667
8.966666666666667,301.8333333333333,0.003322833333333333,2.21e-05,563937.3333333334,31447.633333333335,0.05580396666666667
10.766666666666667,301.93333333333334,0.0033225,2.33e-05,568110.3333333334,31263.6,0.055085199999999994
12.633333333333333,301.96666666666664,0.0033235,2.5e-05,534704.2333333333,27736.1,0.05187426666666666
14.466666666666667,301.96666666666664,0.0033230666666666667,2.5833333333333332e-05,577627.2666666667,30944.2,0.0535874
16.3,301.96666666666664,0.003324866666666667,2.8233333333333333e-05,586675.5333333333,31327.433333333334,0.053433966666666666
18.1,302.0,0.0033248333333333333,3.1133333333333336e-05,585212.2666666667,31327.1,0.05354476666666667
20.066666666666666,302.0,0.0033233,3.266666666666666e-05,591399.4666666667,31242.7,0.0528325
21.833333333333332,302.0,0.0033220666666666666,3.623333333333334e-05,568863.6666666666,28113.466666666667,0.04943736666666666
23.566666666666666,302.03333333333336,0.0033236666666666666,3.776666666666667e-05,606514.9666666667,31584.233333333334,0.05209346666666667
25.366666666666667,302.03333333333336,0.0033221333333333333,4.0766666666666664e-05,619909.2333333333,32480.7,0.05237596666666667
27.1,302.1,0.0033235,4.0100000000000006e-05,622965.6333333333,32455.3,0.052125366666666666
28.8,302.1,0.003323833333333333,4.3366666666666666e-05,628079.7,32308.033333333333,0.0514484
30.5,302.1,0.0033225666666666666,4.536666666666667e-05,602772.9,28450.466666666667,0.04722356666666667
32.266666666666666,302.1,0.0033228999999999997,4.5833333333333334e-05,649916.3333333334,32045.866666666665,0.0493317
34.03333333333333,302.1333333333333,0.0033239,5.0933333333333336e-05,654444.6333333333,32085.2,0.04905076666666666
35.733333333333334,302.1333333333333,0.003322833333333333,4.84e-05,661695.5,32053.966666666667,0.04846863333333333
37.5,302.1333333333333,0.0033226,5.196666666666667e-05,669079.5666666667,32204.2,0.04815943333333333
39.13333333333333,302.1666666666667,0.0033239333333333334,5.31e-05,644726.9666666667,28691.566666666666,0.0445258
40.766666666666666,302.23333333333335,0.0033230666666666667,5.6399999999999995e-05,685907.3333333334,32093.533333333333,0.0468103
42.46666666666667,302.26666666666665,0.003323666666666667,6.193333333333334e-05,695739.9666666667,32837.96666666667,0.04722913333333333
43.833333333333336,302.26666666666665,0.0033245666666666665,6.0066666666666665e-05,702917.1333333333,32675.0,0.046506599999999995
45.4,302.3,0.0033233666666666667,6.226666666666667e-05,716375.3,32803.9,0.045828
47.0,302.3,0.003322333333333333,6.603333333333334e-05,691941.6333333333,29385.833333333332,0.04248386666666667
48.63333333333333,302.3,0.0033244333333333335,6.573333333333332e-05,731068.4,32595.233333333334,0.0446154
50.233333333333334,302.3333333333333,0.003323166666666667,7.106666666666667e-05,741368.2,32894.86666666667,0.04438336666666667
51.86666666666667,302.3666666666667,0.0033245999999999996,7.1e-05,753274.7,33055.5,0.04390736666666666
53.36666666666667,302.3666666666667,0.0033249333333333336,7.273333333333333e-05,758627.4666666667,32915.666666666664,0.043423133333333336
55.06666666666667,300.0,0.0033234,7.833333333333333e-05,740179.1666666666,30268.666666666668,0.040932333333333334
56.8,300.0,0.0033242,9.696666666666667e-05,805325.8333333334,36980.0,0.045944500000000006
58.266666666666666,300.03333333333336,0.003331133333333333,0.00011146666666666667,824629.0333333333,40985.23333333333,0.04972256666666666
60.03333333333333,300.03333333333336,0.0033210666666666664,0.00010473333333333332,830577.4333333333,39192.63333333333,0.047106699999999994
61.766666666666666,300.03333333333336,0.0033209999999999997,0.0001072,830481.8,38489.73333333333,0.04628686666666667
63.4,300.03333333333336,0.003321933333333333,9.803333333333334e-05,810828.5333333333,31993.5,0.03947243333333333
64.83333333333333,300.03333333333336,0.0033203333333333336,0.0001056,862357.7333333333,37570.2,0.043588833333333334
66.36666666666666,300.03333333333336,0.0033205333333333332,0.00011403333333333333,868887.5,36600.1,0.0420974
67.9,300.06666666666666,0.0033203333333333336,0.00011993333333333334,877926.7,37589.36666666667,0.042768933333333335
69.36666666666666,300.06666666666666,0.0033166000000000003,0.00011326666666666666,882645.3333333334,36302.2,0.04112623333333333
70.96666666666667,300.03333333333336,0.0033217,0.00012716666666666665,865097.5,34639.933333333334,0.0399782
72.53333333333333,300.03333333333336,0.0033215333333333334,0.0001284,931968.0666666667,39703.03333333333,0.04253
74.23333333333333,300.06666666666666,0.003321766666666667,0.00011716666666666666,932734.9,36459.433333333334,0.03908176666666666
75.8,300.06666666666666,0.0033216666666666668,0.00013246666666666667,934441.5,37328.5,0.03991956666666666
77.33333333333333,300.06666666666666,0.0033251333333333332,0.00013653333333333334,947651.9333333333,37882.23333333333,0.0398956
79.03333333333333,300.06666666666666,0.0033231333333333334,0.00014549999999999999,922851.8,34051.166666666664,0.0368473
80.6,300.1333333333333,0.0033227,0.00014123333333333334,974389.5,36848.46666666667,0.037783699999999996
82.16666666666667,300.1333333333333,0.003321433333333333,0.00015103333333333334,990847.4333333333,38008.53333333333,0.038300466666666665
83.7,300.1333333333333,0.0033223666666666665,0.00014346666666666667,1004594.2,36768.2,0.03658193333333334
85.1,300.1333333333333,0.0033231333333333334,0.0001543,1022858.1666666666,36845.13333333333,0.03606043333333333
86.3,300.1333333333333,0.0033234333333333334,0.00014723333333333333,1005858.5,32727.333333333332,0.0325465
87.73333333333333,300.1333333333333,0.0033228666666666666,0.00015963333333333333,1069442.1333333333,38123.6,0.03565123333333333
89.13333333333334,300.1333333333333,0.0033226333333333333,0.00017219999999999998,1091694.4333333333,39267.6,0.03598963333333333
90.53333333333333,300.1666666666667,0.0033236333333333335,0.00018543333333333333,1122261.3666666667,40883.0,0.0363581
92.1,300.2,0.0033236999999999997,0.00017436666666666666,1144677.2666666666,39789.066666666666,0.03475246666666667
93.63333333333334,300.2,0.0033221333333333333,0.0001865,1137084.0333333334,35959.76666666667,0.0316052
95.3,300.2,0.0033237666666666664,0.00019286666666666667,1199077.7,40350.933333333334,0.033599033333333334
96.86666666666666,300.23333333333335,0.003322333333333333,0.00019163333333333332,1221267.5333333334,38268.1,0.03139716666666667
98.53333333333333,300.3,0.0033220333333333334,0.0001998,1251848.0333333334,39101.666666666664,0.03129016666666667
100.16666666666667,300.23333333333335,0.0033239,0.0001955,1273709.0,38668.13333333333,0.0304227
101.9,300.23333333333335,0.0033235666666666668,0.0002053,1269345.9,35743.066666666666,0.028218433333333334
103.46666666666667,300.26666666666665,0.0033245,0.0002132,1326887.9666666666,39271.433333333334,0.029702466666666667
105.03333333333333,300.2,0.0033246666666666663,0.00021193333333333333,1363881.4666666666,39669.76666666667,0.0291341
106.73333333333333,300.2,0.0033232333333333332,0.00022566666666666666,1404110.6333333333,41044.066666666666,0.029273833333333332
108.33333333333333,300.1666666666667,0.0033229333333333333,0.0002333,1429467.5666666667,40592.26666666667,0.028494266666666667
109.8,300.0,0.0033249,0.00023953333333333332,1425663.3666666667,37513.3,0.026386466666666667
111.26666666666667,299.96666666666664,0.0033234333333333334,0.0002531333333333333,1489158.1,41185.36666666667,0.027722
112.9,299.93333333333334,0.003323,0.00025613333333333334,1524744.3333333333,41546.23333333333,0.0273215
114.5,300.0,0.0033250999999999997,0.0002644666666666667,1566061.3,41930.73333333333,0.026830066666666666
116.06666666666666,299.93333333333334,0.0033235333333333336,0.0002784333333333333,1603515.6666666667,42470.7,0.026546466666666668
117.8,299.93333333333334,0.003323,0.00028716666666666664,1604702.8666666667,39676.333333333336,0.0247853
119.26666666666667,299.9,0.0033253333333333334,0.0002889666666666667,1686977.6,43523.26666666667,0.0258423
120.63333333333334,299.93333333333334,0.0033234333333333334,0.0002994333333333333,1700699.3,42948.03333333333,0.025311233333333336
122.1,299.9,0.0033233666666666667,0.00030846666666666667,1741896.1666666667,44556.63333333333,0.025630133333333336
123.5,299.93333333333334,0.0033250666666666665,0.0003135666666666667,1775094.0,44263.666666666664,0.0249956
124.96666666666667,299.93333333333334,0.0033236666666666666,0.0003269,1783695.8,40746.6,0.022906066666666666
126.56666666666666,299.9,0.0033235666666666668,0.00035413333333333334,1871051.7333333334,46710.6,0.025009
128.1,299.8666666666667,0.003344,0.00037716666666666665,1913326.8,47043.4,0.024648933333333334
129.3,299.8666666666667,0.0033261666666666665,0.00040643333333333336,1968446.1,50229.8,0.02555306666666667
131.0,299.8666666666667,0.0033221,0.0004441,2060393.6666666667,56592.4,0.027437
132.5,299.8333333333333,0.0033297666666666664,0.0004205,2060278.1333333333,50891.566666666666,0.0247111
133.93333333333334,299.6333333333333,0.0033966333333333336,0.0004513,2137425.0,56287.86666666667,0.026260033333333332
135.5,299.6333333333333,0.0033218333333333333,0.0004233666666666667,2171037.566666667,51399.666666666664,0.023693533333333336
137.13333333333333,299.6333333333333,0.0033234666666666665,0.00042833333333333335,2219540.433333333,49795.3,0.022457666666666667
138.63333333333333,299.6,0.0033231999999999997,0.0004317666666666666,2269743.433333333,48998.13333333333,0.0216437
140.06666666666666,299.6,0.0033227666666666663,0.0004573,2293805.0,46964.5,0.020532166666666667
141.53333333333333,299.6,0.0033260666666666667,0.0004493333333333334,2368214.0,49720.7,0.021040266666666665
143.06666666666666,299.6,0.003322,0.0004641,2410095.6,49769.53333333333,0.020687866666666666
144.56666666666666,299.6,0.0033232333333333332,0.0004832666666666667,2468915.566666667,51485.63333333333,0.02088373333333333
146.1,299.6,0.0033253000000000002,0.0004862333333333333,2520775.2333333334,51329.166666666664,0.020390333333333333
147.6,299.6,0.0033234333333333334,0.0005046666666666666,2548324.6,48579.36666666667,0.019093566666666666
149.2,299.6,0.0033235,0.0005081666666666666,2643155.566666667,52170.3,0.019767966666666668
150.56666666666666,299.6,0.0033245,0.000531,2693652.4,52944.03333333333,0.019667900000000002
152.16666666666666,299.6,0.0033234666666666665,0.000543,2755290.533333333,54268.1,0.0197198
153.5,299.6,0.0033374333333333335,0.0006121000000000001,2846265.8666666667,60752.46666666667,0.0212566
155.06666666666666,299.7,0.0033254333333333336,0.0006553666666666667,2898012.8,61844.2,0.021291666666666667
156.7,299.6666666666667,0.003321633333333333,0.0006611,2983218.2,63235.433333333334,0.021190333333333332
158.36666666666667,299.6666666666667,0.0033239,0.0006519000000000001,3012790.7666666666,59413.9,0.019735566666666666
159.93333333333334,299.6666666666667,0.0033234,0.0006949,3061330.3,60144.8,0.0196041
161.5,299.6666666666667,0.0033226333333333333,0.0006676000000000001,3113419.3333333335,58235.4,0.018726100000000002
163.0,299.6666666666667,0.0033222,0.0007107999999999999,3141074.0,57754.13333333333,0.0184085
164.5,299.6666666666667,0.003324066666666667,0.0007203666666666666,3234179.8666666667,62059.76666666667,0.0191634
165.93333333333334,299.6666666666667,0.0033219666666666667,0.0007177,3290272.8666666667,60855.76666666667,0.0184894
167.46666666666667,299.6666666666667,0.003323,0.00072,3358046.6333333333,61554.96666666667,0.01836636666666667
169.06666666666666,299.6666666666667,0.0033238,0.0007344666666666667,3409715.8,60772.166666666664,0.017846266666666666
170.6,299.6666666666667,0.0033227333333333336,0.0007375333333333333,3427181.6333333333,57611.6,0.016834233333333334
172.2,299.6666666666667,0.0033232666666666664,0.0007789333333333334,3553633.3333333335,64618.96666666667,0.0182054
173.76666666666668,299.7,0.003325533333333333,0.0007966,3656721.0,68113.33333333333,0.018608100000000002
175.26666666666668,299.7,0.0033224333333333332,0.0008002666666666666,3733377.5,68831.56666666667,0.018457333333333333
176.8,299.7,0.003322166666666667,0.0008287333333333333,3802940.7333333334,70734.2,0.018592133333333333
178.23333333333332,299.73333333333335,0.0033232666666666664,0.000855,3822213.6,66112.26666666666,0.017264500000000002
179.86666666666667,299.93333333333334,0.0033227,0.000815,3867492.0,65695.83333333333,0.0170119
181.56666666666666,299.93333333333334,0.0033224333333333332,0.0008696666666666666,3941183.533333333,66945.1,0.017011066666666668
183.1,299.93333333333334,0.0033239333333333334,0.0008645333333333334,4008292.966666667,68906.2,0.017184266666666666
184.6,299.93333333333334,0.0033219,0.000878,4051808.1,67764.96666666666,0.016757433333333335
186.13333333333333,299.93333333333334,0.0033231999999999997,0.0009063333333333333,4106967.1,66084.33333333333,0.016127199999999998
187.53333333333333,299.93333333333334,0.0033235666666666668,0.0009071,4203679.633333334,70453.9,0.016760533333333334
189.16666666666666,299.93333333333334,0.0033231333333333334,0.0009193333333333333,4263820.433333334,69362.33333333333,0.016291533333333334
190.7,299.93333333333334,0.0033227333333333336,0.0009741666666666667,4348997.533333333,72816.86666666667,0.016729533333333334
192.36666666666667,299.93333333333334,0.0033218,0.0009835,4427904.766666667,73637.7,0.0166299
194.06666666666666,299.93333333333334,0.0033222,0.0010013666666666666,4469696.166666667,70840.4,0.015875333333333335
195.43333333333334,299.93333333333334,0.0033265,0.0009954666666666667,4557681.333333333,72673.36666666667,0.01598036666666667
196.93333333333334,299.93333333333334,0.0033247,0.0010087666666666667,4633726.2,73110.43333333333,0.0158183
198.63333333333333,299.93333333333334,0.0033213,0.0010373666666666666,4729116.366666666,76058.9,0.016112533333333335
200.16666666666666,299.93333333333334,0.0033221,0.0010536333333333334,4818128.7,77273.36666666667,0.016064233333333334
201.6,300.0,0.003324866666666667,0.0010699666666666669,4855008.8,73157.9,0.0151112
203.2,300.06666666666666,0.003322666666666667,0.001056,4974908.533333333,77116.8,0.015542433333333333
204.7,300.06666666666666,0.003323166666666667,0.0011182333333333333,5060408.266666667,77818.2,0.015426500000000001
206.36666666666667,300.06666666666666,0.0033245999999999996,0.0011069666666666668,5164474.9,78654.63333333333,0.015270733333333333
208.03333333333333,300.06666666666666,0.0033225333333333335,0.0011207333333333332,5233245.9,79817.56666666667,0.0152997
209.66666666666666,300.06666666666666,0.0033226,0.0011768,5290026.166666667,77665.3,0.014728166666666665
211.13333333333333,300.06666666666666,0.0033247,0.0011558666666666667,5380699.833333333,81243.9,0.015145933333333333
212.7,300.03333333333336,0.0033222333333333335,0.001166,5466702.333333333,82028.96666666666,0.015048533333333334
214.1,300.03333333333336,0.0033229333333333333,0.0012122333333333334,5567377.533333333,84252.63333333333,0.015162
215.56666666666666,300.0,0.003324633333333333,0.0012090666666666667,5635525.933333334,84258.03333333334,0.0149832
217.16666666666666,300.0,0.0033227,0.0012407,5715823.266666667,82657.13333333333,0.0144838
218.86666666666667,300.0,0.003322666666666667,0.0012649666666666667,5851289.233333333,87040.63333333333,0.014901533333333333
220.4,300.06666666666666,0.003325066666666667,0.0012628333333333335,5916245.933333334,87462.83333333333,0.014795133333333332
221.93333333333334,300.0,0.0033225666666666666,0.0013107666666666666,6011610.166666667,90999.63333333333,0.015139099999999999
223.56666666666666,300.0,0.0033231333333333334,0.0012914666666666668,6073845.066666666,89846.86666666667,0.014816333333333332
225.16666666666666,300.0,0.0033250999999999997,0.0013050666666666667,6130338.333333333,88043.33333333333,0.014389
226.8,300.0,0.0033228666666666666,0.0013322333333333333,6254477.333333333,91476.46666666666,0.014651500000000001
228.3,300.0,0.0033269999999999997,0.0013795333333333332,6362574.066666666,95226.26666666666,0.0149776
229.86666666666667,300.0,0.0033256666666666664,0.0013951666666666667,6454112.733333333,96428.2,0.014947966666666666
231.36666666666667,300.0,0.0033242,0.0014074666666666665,6545814.466666667,97919.03333333334,0.0149801
232.86666666666667,300.0,0.0033248333333333333,0.0014231666666666665,6788392.333333333,111203.53333333334,0.016388366666666668
234.4,300.0,0.0033273666666666663,0.0014691,6744943.166666667,102023.23333333334,0.015111866666666666
235.96666666666667,300.0,0.0033247666666666666,0.0014644666666666667,6807515.633333334,99039.5,0.014562799999999999
237.66666666666666,300.0,0.0033243,0.0014541666666666665,6902095.1,100451.3,0.014578733333333333
239.26666666666668,300.0,0.0033261666666666665,0.0014876333333333333,7007482.733333333,102784.33333333333,0.0146654
240.9,300.0,0.003323166666666667,0.0014884666666666667,7046654.133333334,98423.7,0.014002733333333333
242.53333333333333,300.03333333333336,0.0033268333333333336,0.0015040666666666668,7171898.433333334,102737.03333333334,0.014354466666666668
244.13333333333333,300.0,0.003324066666666667,0.0015080666666666665,7274617.233333333,103690.23333333334,0.014286833333333334
245.76666666666668,300.0,0.003323333333333333,0.0015651999999999999,7381362.3,105366.66666666667,0.014301033333333333
247.3,300.0,0.0033261,0.0016010666666666667,7503812.966666667,108516.16666666667,0.0144693
248.86666666666667,300.0,0.0033245333333333333,0.0015789,7566869.7,104711.03333333334,0.013871533333333333
250.36666666666667,300.0,0.0033235333333333336,0.0016044666666666665,7676167.9,108184.36666666667,0.014124466666666667
252.06666666666666,300.0,0.003324133333333333,0.0016257333333333335,7786065.4,110177.3,0.014174899999999999
253.56666666666666,300.0,0.0033250333333333334,0.0016259333333333334,7852973.3,111047.2,0.014172266666666666
255.06666666666666,300.0,0.0033238,0.0016472666666666668,7968212.3,111564.03333333334,0.014032833333333333
256.6333333333333,300.0,0.003326233333333333,0.0016838,8050818.933333334,110661.66666666667,0.013776199999999999
258.2,300.0,0.0033253000000000002,0.0016835666666666666,8173733.966666667,115073.63333333333,0.014105166666666667
259.8666666666667,300.0,0.0033255666666666666,0.0017139333333333333,8253862.1,115246.03333333334,0.0139928
261.46666666666664,300.0,0.0033281,0.0017875666666666667,8397839.1,120562.03333333334,0.014371833333333334
263.1,300.0,0.0033312333333333334,0.0017667,8522778.7,121435.1,0.014251633333333335
264.76666666666665,300.0,0.0033259,0.0017678,8570286.233333332,115895.8,0.013545566666666667
266.1333333333333,300.0,0.003328433333333333,0.0017976666666666666,8716713.3,120778.46666666666,0.0138799
267.53333333333336,300.0,0.003326533333333333,0.0017736333333333333,8828612.8,121501.8,0.013784333333333334
269.06666666666666,300.0,0.003328666666666667,0.0018467666666666667,8942653.8,122956.73333333334,0.013766400000000002
270.43333333333334,300.0,0.0033276666666666667,0.0018367,9081047.5,124260.83333333333,0.013700633333333333
271.76666666666665,300.0,0.0033287,0.0018493666666666668,9168799.1,122611.63333333333,0.013397133333333333
273.1333333333333,300.0,0.003344666666666667,0.0019452666666666667,9322991.3,128397.5,0.013774066666666666
274.73333333333335,300.0,0.0033301666666666666,0.0019125666666666666,9412307.233333332,127636.1,0.013587533333333334
276.26666666666665,299.96666666666664,0.0033315333333333334,0.0019271000000000002,9556602.5,130221.76666666666,0.0136503
277.8333333333333,299.96666666666664,0.0033498,0.0020142666666666665,9692826.1,132833.53333333333,0.013714033333333332
279.3666666666667,299.96666666666664,0.0033331333333333334,0.001972433333333333,9751772.466666667,129016.2,0.013253099999999999
280.8333333333333,299.96666666666664,0.0033327,0.0019628666666666665,9894183.6,133456.7,0.013510433333333332
282.46666666666664,299.93333333333334,0.0033339999999999997,0.002036266666666667,10004116.033333333,133957.83333333334,0.013401233333333333
284.06666666666666,299.93333333333334,0.0033366999999999997,0.002025733333333333,10128689.533333333,136458.93333333332,0.013497233333333334
285.53333333333336,299.93333333333334,0.0033377,0.0020513333333333334,10265248.333333334,137647.56666666668,0.013434833333333333
287.1666666666667,299.93333333333334,0.0033368666666666667,0.0020846666666666665,10322470.633333333,135057.03333333333,0.013115766666666667
288.7,299.93333333333334,0.0033405,0.0021188666666666664,10500197.066666666,140146.23333333334,0.013379566666666667
290.23333333333335,299.9,0.0033398,0.0020993,10609558.3,140554.1,0.0132844
291.9,299.9,0.003342966666666667,0.0021520333333333334,10757497.933333334,143319.33333333334,0.013352033333333334
293.53333333333336,299.8333333333333,0.0033456666666666665,0.0022046,10862010.566666666,145118.03333333333,0.013387233333333333
295.0,299.8,0.0033424,0.0021941,10966172.7,143193.86666666667,0.013086333333333333
296.3666666666667,299.73333333333335,0.0033434333333333334,0.0021787,11127286.966666667,147042.46666666667,0.013245766666666665
297.93333333333334,299.6333333333333,0.0033472333333333334,0.0022488,11253985.233333332,148684.93333333332,0.013240366666666666
299.53333333333336,299.56666666666666,0.0033474,0.0022631333333333332,11383695.6,151592.2,0.013343133333333333
301.1666666666667,299.3666666666667,0.0033469333333333334,0.0022576,11510127.033333333,151845.3,0.013224833333333333
302.6666666666667,299.23333333333335,0.0033466333333333335,0.002293966666666667,11620193.6,151088.26666666666,0.0130346
304.2,299.1,0.0033949333333333333,0.0023881333333333333,11788442.433333334,157974.9,0.013416033333333332
305.8,299.0,0.0033475333333333334,0.0023426666666666665,11884890.433333334,154583.6,0.013026566666666666
307.43333333333334,298.8333333333333,0.0033545000000000003,0.0024048333333333335,12043529.7,159041.06666666668,0.013224933333333333
309.1333333333333,298.8,0.0033566,0.0024142333333333336,12172767.566666666,160465.86666666667,0.013207833333333334
310.73333333333335,298.73333333333335,0.0033542666666666666,0.002427333333333333,12287085.633333333,159068.36666666667,0.012969733333333334
312.26666666666665,298.73333333333335,0.0033560333333333336,0.0024575666666666668,12405649.733333332,161458.66666666666,0.0130334
313.8666666666667,298.6,0.0033579666666666663,0.0024713666666666668,12552828.766666668,160775.56666666668,0.012824133333333333
315.4,298.6,0.0033601,0.0025232333333333333,12730650.833333334,164797.36666666667,0.012955633333333333
317.06666666666666,298.53333333333336,0.0033619333333333333,0.0025436333333333336,12859911.266666668,165961.96666666667,0.012924
318.6,298.43333333333334,0.0033636,0.0025866333333333332,12977751.633333333,166694.2,0.012857833333333334
320.1666666666667,298.3,0.0033610333333333334,0.0025693666666666668,13146273.4,168879.2,0.012860166666666667
321.8,298.1,0.003365333333333333,0.002603033333333333,13254357.5,167595.1,0.012665166666666667
323.5,298.06666666666666,0.0033765333333333333,0.002668966666666667,13469605.366666667,173346.53333333333,0.0128972
324.96666666666664,297.93333333333334,0.0033686333333333334,0.0026601333333333334,13556820.166666666,173420.8,0.012813333333333335
326.5,297.8333333333333,0.0033702,0.0026894333333333333,13699466.466666667,174628.33333333334,0.012765466666666668
328.0,297.7,0.0033726999999999997,0.0027587333333333333,13856129.766666668,177413.26666666666,0.012823666666666667
329.6,297.56666666666666,0.0033713999999999997,0.002750566666666667,13954595.066666666,175065.4,0.012553033333333333
331.06666666666666,297.53333333333336,0.0033751666666666665,0.0027891333333333332,14115041.4,180377.5,0.012792166666666667
332.6,297.43333333333334,0.0033779,0.0028396,14274372.2,182280.73333333334,0.012781666666666667
334.1,297.3,0.0033726000000000003,0.0028235666666666668,14383007.266666668,183024.43333333332,0.012728233333333333
335.6333333333333,297.06666666666666,0.0033734666666666666,0.0028754,14529271.866666667,184521.13333333333,0.012700366666666666
337.23333333333335,296.9,0.0033834,0.0028985333333333336,14621393.2,183019.93333333332,0.012519633333333334
338.9,296.6666666666667,0.0034026,0.0029417666666666665,14831925.366666667,188580.06666666668,0.012713366666666667
340.53333333333336,296.6,0.0033862,0.0029693999999999996,15006459.4,190265.23333333334,0.012688033333333333
342.2,296.53333333333336,0.0033966666666666668,0.0029817333333333335,15143187.033333333,191263.86666666667,0.012630066666666667
343.73333333333335,296.3,0.0034218666666666667,0.003020066666666667,15295284.2,192933.83333333334,0.012621766666666668
345.3,296.1,0.0034261,0.003049933333333333,15414547.6,192257.9,0.012470266666666667
346.7,295.8333333333333,0.0034241333333333334,0.0030526666666666666,15538238.133333333,195681.33333333334,0.0126
348.26666666666665,295.6,0.0034444666666666665,0.003087166666666667,15681403.266666668,196791.03333333333,0.012560733333333332
349.8333333333333,295.3,0.0034738,0.0031335333333333336,15836776.766666668,199308.36666666667,0.0125923
351.3666666666667,295.03333333333336,0.0034869333333333334,0.0031504333333333334,15949535.666666666,200922.4,0.012600933333333333
352.8,294.76666666666665,0.0034942000000000003,0.0031610333333333333,16046804.333333334,199993.83333333334,0.012472833333333332
354.3,294.1666666666667,0.003553066666666667,0.0032129,16258887.466666667,204887.6,0.012618666666666667
355.96666666666664,293.6,0.0035425666666666663,0.0032241333333333333,16372058.9,203919.0,0.012469833333333335
357.3666666666667,292.8333333333333,0.0035767666666666666,0.0032565000000000003,16528259.5,207357.5,0.0125573
358.8666666666667,292.26666666666665,0.0036049999999999997,0.0032861,16679445.633333333,207664.16666666666,0.012470766666666666
360.3333333333333,291.3333333333333,0.003663633333333333,0.0033319333333333336,16848081.333333332,210609.5,0.012517933333333333
362.0,290.6,0.0036613666666666664,0.0033386333333333333,16976534.066666666,211622.56666666668,0.012485266666666666
363.4,289.6666666666667,0.003715533333333333,0.0033934666666666667,17153259.333333332,212824.86666666667,0.012423633333333333
365.06666666666666,288.6,0.0037233333333333333,0.0033988666666666667,17323873.266666666,215281.73333333334,0.012451033333333333
366.53333333333336,287.26666666666665,0.003865833333333333,0.0035426,17495484.733333334,218706.16666666666,0.012490366666666667
368.1,286.1,0.0038055333333333334,0.003485233333333333,17606997.5,219015.13333333333,0.0124618
369.6666666666667,284.93333333333334,0.0038350666666666666,0.0035071333333333335,17781730.966666665,219207.06666666668,0.012345166666666666
371.3,283.6333333333333,0.0038602000000000003,0.0035298666666666667,17954706.966666665,221403.03333333333,0.012352066666666666
372.96666666666664,282.2,0.0038888666666666667,0.0035660666666666664,18116638.266666666,222600.4,0.012315066666666668
374.3333333333333,280.7,0.003963133333333333,0.0036443666666666668,18265297.766666666,225203.96666666667,0.012354833333333334
375.8666666666667,279.26666666666665,0.0039642,0.0036393333333333334,18455938.9,226984.7,0.0123255
377.5,277.53333333333336,0.0040073999999999995,0.0036798333333333336,18629585.866666667,228599.13333333333,0.012291266666666667
378.96666666666664,275.8,0.0040755,0.003745,18779256.266666666,231806.86666666667,0.012362566666666666
380.6,274.1333333333333,0.004075233333333333,0.0037473999999999997,18906225.966666665,231653.9,0.012273433333333333
382.23333333333335,272.53333333333336,0.004085633333333333,0.0037565333333333334,19064430.933333334,233633.23333333334,0.012275233333333333
383.96666666666664,270.6333333333333,0.0041442,0.0038156,19242884.033333335,234664.66666666666,0.012212033333333334
385.6,268.76666666666665,0.004152866666666667,0.0038205333333333332,19408725.833333332,236696.7,0.012216166666666667
387.1666666666667,266.9,0.0042078,0.003879,19578967.766666666,238066.96666666667,0.0121774
388.76666666666665,264.9,0.004241666666666667,0.0039041999999999996,19757601.2,240184.4,0.0121812
390.3666666666667,262.96666666666664,0.004285466666666666,0.003954866666666667,19937502.433333334,241490.76666666666,0.0121379
391.76666666666665,260.9,0.0043176333333333336,0.0039881,20094356.666666668,244215.1,0.012176433333333332
393.4,258.8333333333333,0.004338433333333333,0.0040085,20233967.9,244380.1,0.012101866666666666
395.0,256.76666666666665,0.0043795,0.004050833333333333,20446278.866666667,247112.2,0.012104933333333335
396.6,254.73333333333332,0.004424766666666666,0.004098066666666666,20636942.6,248375.93333333332,0.0120477
398.1,252.63333333333333,0.004443433333333333,0.0041076333333333334,20830330.7,250414.53333333333,0.012032733333333333
399.73333333333335,250.46666666666667,0.0044764,0.004145133333333333,21020397.166666668,252309.56666666668,0.012015699999999999
401.4,248.56666666666666,0.004517833333333333,0.004176566666666667,21200955.733333334,254190.66666666666,0.012003900000000001
402.9,246.5,0.004550299999999999,0.0042178,21377695.6,256238.73333333334,0.012000199999999999
404.5,244.36666666666667,0.004596,0.004267633333333334,21507919.733333334,257670.26666666666,0.0119939
406.26666666666665,242.43333333333334,0.004611100000000001,0.004274466666666667,21704505.533333335,259906.16666666666,0.011988833333333334
407.8,240.5,0.0046679,0.004332766666666666,21902470.033333335,261569.56666666668,0.011956366666666666
409.3,238.56666666666666,0.004682766666666667,0.0043501,22078365.033333335,263590.3333333333,0.011947266666666668
410.8666666666667,236.56666666666666,0.004787566666666667,0.0044468,22303370.4,267158.56666666665,0.011986333333333333
412.43333333333334,234.6,0.004801933333333333,0.004461233333333333,22515375.1,268645.5333333333,0.0119416
413.7,232.76666666666668,0.004801366666666667,0.0044634666666666665,22652235.866666667,269889.9666666667,0.011932366666666666
415.1333333333333,230.9,0.004857633333333333,0.0045206,22841717.133333333,271707.86666666664,0.011906666666666668
416.73333333333335,229.06666666666666,0.004864666666666667,0.004531933333333333,23009777.066666666,272413.1666666667,0.011859966666666666
418.26666666666665,227.23333333333332,0.0049453,0.0046014666666666666,23216533.133333333,275973.7,0.0118966
419.8,225.36666666666667,0.004948066666666666,0.0046117,23383842.966666665,276741.13333333336,0.011850066666666666
421.26666666666665,223.6,0.004992300000000001,0.004657833333333333,23546232.7,278974.9,0.011856033333333333
422.8,221.8,0.0050602,0.004716666666666666,23817224.1,282066.26666666666,0.0118531
424.4,220.03333333333333,0.005066333333333333,0.0047285,24008273.866666667,283342.1,0.011814166666666666
426.0,218.4,0.005134233333333333,0.0047933,24207983.266666666,285876.0333333333,0.011823666666666668
427.56666666666666,216.7,0.005167166666666667,0.004828266666666667,24375737.666666668,287464.1666666667,0.0118062
429.03333333333336,215.0,0.005181033333333333,0.004846133333333334,24536152.066666666,288712.06666666665,0.011783666666666666
430.6,213.36666666666667,0.005214633333333333,0.004880766666666666,24715716.5,290781.5333333333,0.011780566666666666
432.1666666666667,211.63333333333333,0.005278433333333333,0.0049362,24895415.433333334,292361.86666666664,0.011754333333333334
433.76666666666665,210.0,0.0053086,0.0049617,25041882.166666668,294065.6666666667,0.011756033333333334
435.3,208.5,0.0053258333333333335,0.004974366666666666,25267210.566666666,296148.8333333333,0.0117362
436.96666666666664,206.83333333333334,0.005417099999999999,0.0050505666666666674,25484299.433333334,299631.3333333333,0.011775333333333334
438.4,205.2,0.005470833333333333,0.0050879666666666665,25659603.766666666,302908.26666666666,0.0118245
440.03333333333336,203.6,0.005491333333333333,0.005124599999999999,25798557.1,303057.06666666665,0.011763366666666667
441.76666666666665,202.1,0.0054868,0.005135600000000001,25942800.466666665,303746.6666666667,0.011723166666666666
443.23333333333335,200.66666666666666,0.0054941,0.0051545666666666665,26138748.333333332,304606.8,0.011663566666666668
444.8333333333333,199.13333333333333,0.005561933333333334,0.005218933333333333,26310540.733333334,306784.56666666665,0.011668666666666666
446.3333333333333,197.76666666666668,0.005609266666666667,0.005261433333333333,26544355.966666665,309457.1,0.011663866666666666
448.0,196.1,0.005629866666666666,0.0052859,26698931.0,310496.73333333334,0.011633733333333333
449.5,194.8,0.0057137333333333335,0.005367933333333334,26943518.633333333,313470.93333333335,0.011644866666666667
451.03333333333336,193.33333333333334,0.005736766666666667,0.005380033333333333,27169638.433333334,315381.4,0.0116166
452.6666666666667,191.93333333333334,0.0057796666666666665,0.005421966666666667,27382592.4,316812.8,0.011581366666666667
454.23333333333335,190.5,0.005828466666666667,0.005483166666666667,27568229.5,320434.6666666667,0.011632666666666668
455.76666666666665,189.03333333333333,0.005865400000000001,0.005512833333333333,27783285.566666666,321852.6,0.011592033333333333
457.1333333333333,187.6,0.005925533333333333,0.005574966666666667,27970002.133333333,322886.6666666667,0.011548633333333334
458.5,186.26666666666668,0.005955233333333334,0.005587233333333333,28181082.9,326469.9666666667,0.011589066666666667
460.1,184.86666666666667,0.005969733333333334,0.0056215,28348795.933333334,327172.4666666667,0.011550566666666668
461.53333333333336,183.6,0.006006633333333333,0.005663366666666667,28532443.0,328387.7,0.011513433333333333
463.26666666666665,182.3,0.006117366666666666,0.005764766666666667,28770392.1,331837.63333333336,0.011544733333333333
464.8666666666667,181.0,0.006062066666666667,0.0057066999999999994,28941494.066666666,332997.63333333336,0.011514866666666667
466.43333333333334,179.73333333333332,0.006196966666666666,0.005846233333333333,29158345.266666666,335547.36666666664,0.011515966666666665
468.23333333333335,178.4,0.006208766666666667,0.0058529666666666666,29359702.333333332,337686.73333333334,0.0115124
469.8,177.13333333333333,0.006205433333333333,0.005852899999999999,29547326.166666668,339055.0,0.011482633333333332
471.3,175.93333333333334,0.0062633,0.0059089,29759608.233333334,340972.9,0.011470933333333332
473.0,174.66666666666666,0.006309899999999999,0.0059501,29980671.233333334,343682.76666666666,0.0114748
474.6666666666667,173.43333333333334,0.0063562666666666665,0.0059938,30198554.066666666,346433.73333333334,0.0114807
476.3333333333333,172.26666666666668,0.0063790999999999995,0.006022033333333333,30425199.233333334,348682.06666666665,0.011476566666666667
478.03333333333336,171.06666666666666,0.006416066666666667,0.0060590999999999996,30628522.333333332,350420.6666666667,0.011457266666666667
479.56666666666666,170.06666666666666,0.0065040666666666665,0.006139833333333333,30847664.9,353135.63333333336,0.011463133333333332
481.23333333333335,168.83333333333334,0.006486033333333334,0.0061322,31017416.166666668,353412.86666666664,0.011412499999999999
482.6666666666667,167.63333333333333,0.006566766666666667,0.006209933333333333,31223568.866666667,356199.73333333334,0.0114255
484.23333333333335,166.43333333333334,0.0066536,0.0062879,31536538.1,358553.7,0.011381866666666665
485.76666666666665,165.3,0.006680666666666666,0.006309899999999999,31724829.5,360214.36666666664,0.011370433333333334
487.26666666666665,164.3,0.0066703000000000005,0.0063117,31869016.733333334,361118.36666666664,0.0113518
488.9,163.1,0.0067172333333333336,0.0063636,32083951.633333333,363192.93333333335,0.0113405
490.4,161.96666666666667,0.0067889,0.006423966666666667,32311455.666666668,365460.73333333334,0.0113317
491.9,160.8,0.006953333333333334,0.006575333333333333,32632960.8,369626.9666666667,0.011343633333333334
493.43333333333334,159.4,0.007408366666666667,0.007002833333333333,33035467.1,377235.86666666664,0.011441533333333333
494.96666666666664,158.06666666666666,0.0070881,0.006705366666666667,33073493.4,374678.8333333333,0.011344133333333334
496.6,157.03333333333333,0.007025133333333333,0.0066441,33261734.033333335,375339.43333333335,0.011296866666666665
498.1666666666667,155.96666666666667,0.007134633333333334,0.0067571,33501206.433333334,377859.1,0.011293
499.6666666666667,154.93333333333334,0.0070564,0.006675133333333333,33696528.6,377837.0,0.011227233333333333
501.1333333333333,153.86666666666667,0.007101133333333333,0.006722166666666667,33871320.53333333,380144.5333333333,0.011235366666666666
502.7,152.76666666666668,0.007207099999999999,0.006839033333333333,34114138.0,383040.8333333333,0.011235633333333333
504.3666666666667,151.8,0.007188,0.0068169,34273322.53333333,384073.2,0.0112126
505.8,150.8,0.007395533333333333,0.007026533333333334,34586461.96666667,388338.3333333333,0.011236633333333333
507.53333333333336,149.66666666666666,0.007467833333333334,0.0070868,34863689.56666667,393023.5333333333,0.0112822
509.06666666666666,148.6,0.007449333333333334,0.0070716,35079183.43333333,392519.43333333335,0.011192533333333334
510.6666666666667,147.6,0.007456266666666667,0.007072566666666667,35335061.1,393732.0333333333,0.011153699999999999
512.2666666666667,146.6,0.0075053333333333335,0.007128066666666667,35561189.4,395931.3,0.011139566666666666
513.7333333333333,145.63333333333333,0.007524233333333334,0.0071461,35714686.266666666,396449.23333333334,0.011114866666666667
515.2666666666667,144.6,0.007547533333333333,0.007152933333333333,35943406.03333333,399578.76666666666,0.011123133333333333
516.7,143.73333333333332,0.00751,0.007142399999999999,36150083.63333333,400059.9666666667,0.0110762
518.2666666666667,142.83333333333334,0.007568566666666667,0.007214,36359758.4,402906.56666666665,0.011088266666666667
520.0,141.93333333333334,0.0075635,0.007198133333333333,36571705.6,403286.8,0.011033933333333332
521.5333333333333,141.1,0.007606133333333333,0.007250933333333333,36768772.03333333,404676.93333333335,0.011009566666666666
523.1,140.2,0.007678466666666666,0.0073203,37003677.53333333,406581.1,0.010996133333333333
524.8,139.4,0.007725166666666667,0.007374,37230748.333333336,409357.1,0.010999299999999998
526.3,138.56666666666666,0.0077919,0.007432866666666666,37447923.7,411294.36666666664,0.0109928
527.7666666666667,137.66666666666666,0.007810833333333334,0.0074521000000000006,37684241.03333333,412892.6666666667,0.0109666
529.1666666666666,136.93333333333334,0.007857666666666667,0.007499366666666666,37937054.733333334,415099.6666666667,0.010947833333333334
530.9333333333333,136.13333333333333,0.007914466666666667,0.007547366666666667,38176057.03333333,417180.43333333335,0.010939466666666668
532.5333333333333,135.4,0.007958466666666667,0.007604700000000001,38403462.766666666,419363.63333333336,0.010929433333333332
534.1333333333333,134.53333333333333,0.0080647,0.0076927666666666665,38708375.233333334,422237.63333333336,0.010906433333333333
535.7333333333333,133.63333333333333,0.008068733333333333,0.007699866666666667,38897043.63333333,423327.56666666665,0.010886166666666667
537.2333333333333,132.86666666666667,0.0081201,0.0077657333333333335,39093932.5,425065.1,0.010874966666666668
538.6333333333333,132.16666666666666,0.008154466666666667,0.007804866666666666,39342265.63333333,427094.6,0.010861766666666666
540.1,131.6,0.008162066666666667,0.007811666666666666,39547511.53333333,428717.56666666665,0.010841566666666667
541.9,131.0,0.008223600000000001,0.0078749,39820589.3,431625.23333333334,0.0108413
543.4333333333333,130.26666666666668,0.008287166666666667,0.007940366666666667,40118223.53333333,434156.76666666666,0.010816899999999999
545.1333333333333,129.5,0.008363766666666666,0.0079884,40363826.333333336,437282.3333333333,0.0108306
546.5,128.73333333333332,0.008399466666666666,0.008040766666666666,40618564.86666667,439019.43333333335,0.010806566666666666
548.0666666666667,128.0,0.008440333333333333,0.008073566666666667,40858915.833333336,441138.5,0.010795166666666666
549.4333333333333,127.26666666666667,0.0085029,0.0081366,41117484.06666667,443901.1666666667,0.010793666666666667
551.1333333333333,126.7,0.008533966666666667,0.0081844,41336024.46666667,445226.5,0.0107642
552.6333333333333,125.93333333333334,0.008545366666666667,0.008197733333333334,41531842.9,446197.9666666667,0.0107458
554.1,125.3,0.008623633333333333,0.008267333333333333,41809670.43333333,448267.5,0.010723633333333335
555.7333333333333,124.76666666666667,0.008658266666666666,0.008301133333333334,42007877.266666666,450344.73333333334,0.010722466666666668
557.3,124.06666666666666,0.0086975,0.008358933333333334,42259312.733333334,450488.6666666667,0.010659233333333332
558.9,123.46666666666667,0.008716133333333332,0.008368666666666667,42495622.6,451461.93333333335,0.0106244
560.4333333333333,122.73333333333333,0.008786566666666667,0.0084282,42793444.6,452851.0,0.0105808
561.8666666666667,122.13333333333334,0.008878166666666666,0.008527,43033032.6,455153.93333333335,0.010578133333333333
563.4333333333333,121.36666666666666,0.008906633333333334,0.008553633333333333,43281890.1,456595.2,0.010550499999999999
565.1,120.7,0.008957933333333333,0.008592566666666666,43569104.3,459617.6666666667,0.010548233333333332
566.6666666666666,120.06666666666666,0.009029166666666666,0.008680066666666668,43790264.166666664,461629.6666666667,0.0105441
568.1666666666666,119.36666666666666,0.009041266666666666,0.008696800000000001,44009338.43333333,461313.6,0.0104777
569.7,118.56666666666666,0.009122833333333333,0.008765166666666666,44313493.833333336,464222.56666666665,0.010475966666666666
571.1333333333333,118.1,0.0091355,0.008778566666666666,44522996.6,465705.06666666665,0.010460066666666667
572.9333333333333,117.33333333333333,0.009195066666666666,0.008838533333333334,44800467.766666666,467779.56666666665,0.010440333333333333
574.6333333333333,116.56666666666666,0.009239033333333334,0.008885633333333334,45073121.166666664,469489.0333333333,0.010418766666666666
576.2666666666667,116.03333333333333,0.009318,0.008977133333333333,45296343.733333334,471666.5,0.010414366666666668
577.6,115.4,0.0093474,0.008995333333333333,45603873.266666666,473837.23333333334,0.010393633333333334
579.3666666666667,114.66666666666667,0.009429733333333332,0.009080333333333333,45889635.1,476748.5333333333,0.010392
580.8,114.1,0.009487500000000001,0.009131799999999999,46130800.266666666,478864.1,0.010379066666666666
582.4,113.36666666666666,0.0095232,0.0091673,46367688.766666666,480795.1666666667,0.010367999999999999
583.8666666666667,112.86666666666666,0.009577366666666667,0.009211366666666667,46621271.3,482750.56666666665,0.010347
585.4,112.2,0.009634966666666666,0.009277833333333334,46920945.7,486123.8,0.010358633333333334
586.9333333333333,111.63333333333334,0.009679533333333332,0.009323266666666667,47197581.53333333,488517.9666666667,0.010346866666666668
588.4666666666667,110.93333333333334,0.009722033333333333,0.009354300000000001,47506633.36666667,490781.63333333336,0.010326966666666666
590.1,110.3,0.009814966666666668,0.009458666666666667,47781729.46666667,493154.3,0.0103184
591.5333333333333,109.63333333333334,0.009858233333333332,0.009505999999999999,48130554.5,496636.9666666667,0.010311966666666667
593.2666666666667,109.06666666666666,0.009879933333333334,0.009529666666666665,48374670.13333333,497016.1,0.0102704
594.8666666666667,108.46666666666667,0.009946333333333333,0.009603200000000001,48617905.733333334,499717.56666666665,0.010275900000000001
596.3333333333334,107.96666666666667,0.010009233333333334,0.009664166666666666,48902795.06666667,501390.06666666665,0.0102509
597.9333333333333,107.23333333333333,0.010094266666666666,0.009734166666666665,49187717.06666667,505231.4666666667,0.0102686
599.6,106.73333333333333,0.0101119,0.009746633333333334,49431613.733333334,507696.73333333334,0.010268866666666666
601.2333333333333,106.16666666666667,0.0101562,0.009790700000000001,49692961.3,509243.6666666667,0.010243033333333334
602.8,105.46666666666667,0.010249233333333333,0.009886733333333333,50017904.43333333,511567.9,0.010229700000000001
604.1666666666666,104.9,0.010287133333333334,0.009934266666666667,50298559.86666667,514090.1,0.010224666666666667
605.7,104.3,0.010338533333333334,0.009985033333333334,50596766.333333336,516640.6666666667,0.010211833333333333
607.3,103.8,0.0103878,0.010037766666666666,50842817.333333336,518779.3333333333,0.010206066666666668
608.6333333333333,103.16666666666667,0.010426633333333333,0.010064700000000001,51125627.8,520150.6666666667,0.010175
610.1333333333333,102.73333333333333,0.010479033333333334,0.010127533333333332,51339516.46666667,522788.23333333334,0.010186933333333334
611.6666666666666,102.03333333333333,0.010539066666666668,0.010186666666666667,51566488.6,524824.8666666667,0.010180766666666667
613.2,101.56666666666666,0.010640100000000001,0.010272266666666667,51892732.333333336,526713.0,0.0101495
614.7666666666667,100.96666666666667,0.010666333333333333,0.010312833333333334,52184522.36666667,529801.3666666667,0.010147833333333333
616.3,100.43333333333334,0.0106919,0.010340233333333334,52390572.86666667,531605.3666666667,0.010141800000000001
617.7333333333333,99.86666666666666,0.0107495,0.0103895,52664981.13333333,533271.5666666667,0.010127033333333334
619.0666666666667,99.3,0.010800333333333334,0.010443633333333334,52820131.6,534614.7333333333,0.010118633333333333
620.4333333333333,98.83333333333333,0.0108249,0.010468633333333333,53033560.06666667,537172.1666666666,0.010122866666666668
622.0666666666667,98.26666666666667,0.010911266666666667,0.010535833333333333,53340462.333333336,540405.1333333333,0.010123799999999999
623.5333333333333,97.76666666666667,0.010957233333333333,0.010587166666666667,53602734.333333336,541822.4,0.010104433333333333
625.1666666666666,97.26666666666667,0.0109999,0.010630833333333334,53878545.233333334,542957.3666666667,0.010070766666666666
626.8,96.76666666666667,0.011087133333333334,0.010714,54187571.53333333,546557.7,0.0100818
628.4666666666667,96.3,0.011101666666666668,0.010736166666666666,54434950.3,548847.7666666667,0.010075566666666667
629.9333333333333,95.7,0.011161733333333333,0.010802766666666666,54764466.43333333,551370.8,0.0100626
631.4,95.3,0.011195966666666666,0.010837900000000001,55014264.06666667,553279.1666666666,0.0100524
632.9333333333333,94.8,0.011267933333333334,0.010884733333333334,55299618.6,556884.8666666667,0.010068266666666666
634.5333333333333,94.33333333333333,0.0113047,0.010947233333333334,55500959.833333336,557562.4333333333,0.010040866666666667
636.0666666666667,93.86666666666666,0.011366233333333333,0.011009833333333333,55770275.1,560195.0333333333,0.010037866666666668
637.6333333333333,93.4,0.011401433333333332,0.011048166666666666,56048187.36666667,561571.4666666667,0.010012266666666667
639.4,92.9,0.011493466666666667,0.011129633333333333,56321493.3,564549.1333333333,0.010018333333333332
641.0333333333333,92.43333333333334,0.011526833333333332,0.011156766666666667,56654695.06666667,567298.5333333333,0.010011833333333333
642.5,92.0,0.011551233333333332,0.0111957,56936084.03333333,567991.1,0.009972766666666666
644.3333333333334,91.53333333333333,0.011653033333333333,0.011296933333333333,57254671.333333336,571058.0666666667,0.009973266666666668
645.6666666666666,91.23333333333333,0.011720133333333334,0.011357766666666666,57614012.6,573819.4333333333,0.009956833333333333
647.1666666666666,90.73333333333333,0.011799800000000001,0.011429033333333333,57954798.7,576583.0333333333,0.009949766666666667
648.8,90.26666666666667,0.0118184,0.011450666666666666,58200766.166666664,579703.6,0.009963033333333335
650.3333333333334,89.96666666666667,0.0119016,0.011528866666666667,58497139.9,582019.4333333333,0.0099532
651.8,89.33333333333333,0.0119603,0.011602833333333333,58717856.833333336,583323.1666666666,0.009934799999999999
653.5333333333333,89.06666666666666,0.012020166666666667,0.011651133333333334,59025744.333333336,586774.6333333333,0.009941266666666667
655.0333333333333,88.46666666666667,0.012072533333333333,0.011697733333333333,59329295.233333334,588490.6,0.009918933333333333
656.6333333333333,88.2,0.012157666666666667,0.011792799999999999,59682808.53333333,592928.8,0.009928866666666668
658.2666666666667,87.56666666666666,0.012186733333333333,0.0118094,59928749.166666664,594589.5666666667,0.009916666666666666
659.8333333333334,87.23333333333333,0.0122457,0.0118672,60275571.53333333,597838.9333333333,0.009914433333333333
661.3,86.76666666666667,0.012287233333333333,0.011920900000000002,60570685.5,599147.7333333333,0.0098889
662.9666666666667,86.4,0.012368533333333332,0.011998633333333335,60887443.06666667,602821.2,0.009898966666666667
664.5333333333333,86.0,0.012432866666666665,0.012058833333333333,61202204.833333336,604155.1333333333,0.009868633333333333
665.8666666666667,85.63333333333334,0.012498733333333335,0.012124699999999999,61523177.96666667,607968.3333333334,0.009878233333333335
667.4666666666667,85.13333333333334,0.0125751,0.012199566666666667,61851836.43333333,610463.4666666667,0.009866166666666667
668.9666666666667,84.73333333333333,0.012616666666666667,0.0122396,62108448.0,612619.2333333333,0.009862333333333334
670.5666666666667,84.36666666666666,0.012673033333333333,0.012305133333333333,62427151.53333333,614251.6,0.009834433333333333
672.1,83.83333333333333,0.012730466666666667,0.012361533333333334,62743848.03333333,617755.7,0.009840833333333333
673.7333333333333,83.6,0.0127737,0.012413933333333333,63013588.5,619518.2333333333,0.009823133333333334
675.3333333333334,83.06666666666666,0.012889066666666667,0.0125097,63418628.166666664,623751.1,0.009826333333333333
676.9333333333333,82.7,0.012921033333333333,0.012542,63677477.5,625372.9666666667,0.0098105
678.5,82.26666666666667,0.013002833333333333,0.012620033333333334,64065149.7,629867.6333333333,0.009825933333333333
680.0666666666667,81.86666666666666,0.013052533333333333,0.012677233333333334,64340559.3,631478.5,0.0098086
681.5,81.46666666666667,0.0131207,0.012741599999999999,64641736.13333333,634546.4666666667,0.009811633333333332
683.1,81.1,0.013191466666666667,0.012812233333333334,65016294.63333333,637563.1333333333,0.0098006
684.6666666666666,80.56666666666666,0.0132707,0.012898133333333334,65289513.36666667,640916.7666666667,0.009811433333333335
686.2666666666667,80.2,0.013296333333333334,0.012917866666666666,65607072.8,643693.8,0.009804166666666668
687.8666666666667,79.86666666666666,0.013376566666666668,0.0129965,65981476.266666666,647019.6666666666,0.009799
689.5,79.4,0.013444833333333333,0.013068699999999999,66220517.3,648731.5333333333,0.009788533333333333
691.1333333333333,79.06666666666666,0.013538133333333334,0.013161433333333333,66601061.666666664,653086.2333333333,0.009801
692.8,78.63333333333334,0.013608033333333333,0.013216499999999999,66922555.333333336,656088.8333333334,0.009795866666666665
694.3666666666667,78.26666666666667,0.013649133333333334,0.013271066666666666,67206037.66666667,658125.4,0.009788266666666667
695.9,77.93333333333334,0.013686166666666666,0.013318533333333334,67471702.1,660457.8333333334,0.009786033333333333
697.2,77.43333333333334,0.0137307,0.013336533333333334,67775589.76666667,664388.2666666667,0.009797566666666667
698.5333333333333,77.13333333333334,0.013880766666666666,0.013502033333333333,68098196.23333333,667589.0333333333,0.0097999
700.1666666666666,76.63333333333334,0.013887766666666666,0.013515766666666668,68371048.03333333,669431.5333333333,0.009790733333333333
701.8666666666667,76.43333333333334,0.013935866666666666,0.0135598,68735813.83333333,672898.7666666667,0.009781900000000001
703.3333333333334,76.0,0.013978166666666668,0.013606,69070555.26666667,675135.1666666666,0.009774166666666667
704.8666666666667,75.56666666666666,0.014080866666666667,0.013709066666666667,69327733.1,677955.0666666667,0.009776533333333334
706.3333333333334,75.33333333333333,0.014118033333333333,0.013755833333333333,69583572.0,680663.9666666667,0.009779533333333333
707.9333333333333,74.86666666666666,0.014191033333333332,0.013809766666666667,69974071.6,684159.0,0.0097755
709.6,74.53333333333333,0.0142924,0.0138954,70346047.6,688040.2666666667,0.0097767
711.1666666666666,74.3,0.014311533333333333,0.013913266666666667,70679298.26666667,690580.4333333333,0.0097717
712.6333333333333,73.83333333333333,0.014363266666666668,0.013984133333333334,70976574.26666667,693643.5,0.009772466666666667
714.2,73.46666666666667,0.014446566666666666,0.014066333333333332,71342708.76666667,696964.2666666667,0.009772766666666665
715.9,73.2,0.014486133333333335,0.014112033333333333,71628617.33333333,698957.0333333333,0.0097633
717.4,72.83333333333333,0.0145675,0.014188066666666667,71975511.03333333,701941.3666666667,0.009758999999999999
718.9,72.46666666666667,0.014609066666666667,0.014234866666666667,72249658.76666667,704495.9333333333,0.009757566666666667
720.4333333333333,72.16666666666667,0.0146702,0.014289166666666667,72535954.9,707925.4666666667,0.009767166666666665
721.9666666666667,71.9,0.0147477,0.014353033333333333,72824654.1,710567.4333333333,0.009762700000000001
723.4333333333333,71.43333333333334,0.014769733333333333,0.014391099999999999,73072678.5,712424.2666666667,0.009754299999999999
725.0333333333333,71.16666666666667,0.014854200000000001,0.014460133333333335,73388254.03333333,715490.8666666667,0.009754466666666666
726.5333333333333,70.96666666666667,0.014909333333333333,0.014515533333333334,73738766.26666667,718278.7333333333,0.009743033333333335
728.1,70.53333333333333,0.014963966666666667,0.014586033333333333,74110502.66666667,722710.0666666667,0.009754800000000001
729.6666666666666,70.26666666666667,0.015041500000000001,0.014664966666666666,74408669.23333333,725052.4666666667,0.009746066666666666
731.0666666666667,70.03333333333333,0.015173633333333332,0.014778866666666666,74805933.33333333,729334.6,0.009749833333333334
732.5666666666667,69.6,0.015191333333333333,0.014807266666666668,75095047.36666666,732577.9333333333,0.0097614
733.9666666666667,69.3,0.015225299999999999,0.014847166666666666,75386355.06666666,734248.5,0.009745166666666666
735.5,69.13333333333334,0.015323466666666667,0.0149388,75780627.63333334,737086.5333333333,0.009733133333333333
737.2,68.8,0.015388233333333333,0.0149991,76064349.76666667,741033.8333333334,0.009745366666666666
738.5333333333333,68.36666666666666,0.015448066666666668,0.015055066666666667,76435246.23333333,744594.4333333333,0.0097453
739.9,68.13333333333334,0.015532566666666666,0.015152200000000001,76736665.93333334,747620.2666666667,0.009745
741.2666666666667,67.96666666666667,0.0155713,0.015184533333333333,77063010.7,750665.9666666667,0.009743733333333334
742.8666666666667,67.63333333333334,0.015619899999999999,0.0152301,77359425.16666667,753875.8,0.009749966666666667
744.3333333333334,67.23333333333333,0.015675233333333333,0.015288866666666668,77625025.26666667,756173.8,0.0097456
746.0,67.1,0.015766633333333332,0.015375133333333334,78034429.16666667,760282.5,0.009747133333333333
747.7333333333333,66.73333333333333,0.0158394,0.015451266666666666,78370565.6,764077.3666666667,0.009751833333333333
749.4333333333333,66.36666666666666,0.015929666666666665,0.015548833333333335,78672353.76666667,765935.8666666667,0.009737166666666667
751.0666666666667,66.13333333333334,0.015967566666666665,0.015563866666666667,79068860.76666667,770351.2333333333,0.009747833333333334
752.4333333333333,65.86666666666666,0.016024033333333333,0.015629033333333334,79339275.1,771950.4666666667,0.0097366
753.8666666666667,65.56666666666666,0.016083766666666666,0.015691033333333333,79695247.6,774625.3333333334,0.009722066666666666
755.4666666666667,65.26666666666667,0.0161831,0.0157819,80092357.9,778651.2333333333,0.009723
757.0,65.1,0.016255366666666667,0.015847333333333335,80470923.53333333,782067.0333333333,0.009722466666666667
758.5,64.83333333333333,0.0163188,0.015916933333333334,80765225.16666667,784872.6333333333,0.0097196
759.9666666666667,64.36666666666666,0.0163821,0.0159971,81105581.46666667,787940.0,0.009715966666666666
761.5333333333333,64.26666666666667,0.016478166666666665,0.016075799999999998,81490439.8,789927.6666666666,0.009696199999999999
762.8965517241379,64.03448275862068,0.01647051724137931,0.016079275862068965,81831537.13793103,759592.5862068966,0.00929396551724138
764.4827586206897,63.758620689655174,0.016528724137931036,0.016132551724137932,82136946.31034483,762562.4137931034,0.009294172413793104
766.0344827586207,63.48275862068966,0.016635068965517242,0.016242620689655173,82517097.86206897,764531.0344827586,0.009278137931034484
766.9642857142857,63.535714285714285,0.016660714285714286,0.01625892857142857,82611219.64285715,766120.2142857143,0.009285107142857144
768.3928571428571,63.07142857142857,0.016718571428571426,0.01632375,82995305.39285715,768289.6785714285,0.009269321428571429
770.0,62.785714285714285,0.016803071428571428,0.016391642857142858,83370632.5,772148.4285714285,0.009272607142857143
771.4642857142857,62.607142857142854,0.01681875,0.01642275,83638985.03571428,773340.7857142857,0.00925657142857143
772.8214285714286,62.42857142857143,0.016874107142857142,0.016498535714285716,84010317.10714285,776914.2142857143,0.009257857142857142
774.5357142857143,62.07142857142857,0.016954071428571426,0.016559714285714285,84325002.82142857,778921.6428571428,0.009250321428571429
776.2142857142857,61.75,0.017093464285714285,0.016688392857142857,84746754.21428572,782403.0714285715,0.009244
777.074074074074,61.666666666666664,0.017131518518518518,0.016725703703703704,85032902.44444445,786731.074074074,0.00926037037037037
778.8148148148148,61.407407407407405,0.01717925925925926,0.016774333333333332,85411017.37037037,790093.2222222222,0.009258703703703703
780.44,61.32,0.017158720000000002,0.016757,85597080.48,753333.72,0.00880148
781.2608695652174,61.21739130434783,0.017207478260869567,0.01680886956521739,85797605.95652173,755750.1739130435,0.008809
782.4347826086956,60.95652173913044,0.01731313043478261,0.016925347826086956,86017815.3478261,756507.695652174,0.008795043478260869
784.2380952380952,60.76190476190476,0.017294285714285713,0.016892190476190477,86379406.28571428,757680.9523809524,0.008771428571428572
784.578947368421,60.73684210526316,0.017398894736842106,0.016985894736842106,86658187.5263158,761491.6315789474,0.008787052631578947
784.4375,60.6875,0.017300625,0.0169023125,86589487.9375,759362.0,0.00876925
785.4,60.46666666666667,0.017446733333333336,0.0170438,86886063.8,762231.4,0.008772266666666667
784.5833333333334,60.583333333333336,0.017389666666666668,0.017003416666666667,86795317.91666667,762298.0833333334,0.008781583333333334
785.3636363636364,60.27272727272727,0.017479181818181817,0.017082636363636362,87022650.27272727,763409.7272727273,0.008771636363636363
785.2222222222222,60.333333333333336,0.017389555555555557,0.016994999999999996,86713822.77777778,759972.8888888889,0.00876322222222222
784.1428571428571,60.142857142857146,0.017388142857142855,0.01697042857142857,86381680.85714285,758879.0,0.008783857142857144
785.8,60.2,0.0173724,0.016977199999999998,86494767.0,758094.4,0.0087644
785.75,60.25,0.0173845,0.016989,86392889.25,753768.25,0.00872475
787.25,60.0,0.01754775,0.017115,87095963.75,761628.5,0.00874475
789.0,59.75,0.017521000000000002,0.01713,87481410.75,763304.5,0.00872525
788.0,59.666666666666664,0.017604666666666668,0.017176,87505739.66666667,762337.3333333334,0.008712
786.0,59.5,0.017558999999999998,0.0170945,86978664.0,757590.0,0.0087105
784.0,60.0,0.017692,0.017271,86140237.0,752134.0,0.008732
